{
  "murphy": {
    "indicator": "Murphy (SMC)",
    "total_signals": 3064,
    "accuracy": {
      "5bars": 32.821685173089485,
      "10bars": 38.66013071895425,
      "20bars": 40.72013093289689,
      "50bars": 44.43715129635707
    },
    "by_stars": {
      "1": {
        "count": 836,
        "accuracy_20bars": 40.69627851140456
      },
      "2": {
        "count": 438,
        "accuracy_20bars": 39.44954128440367
      },
      "3": {
        "count": 134,
        "accuracy_20bars": 44.776119402985074
      },
      "4": {
        "count": 246,
        "accuracy_20bars": 39.183673469387756
      }
    },
    "by_direction": {
      "bullish_count": 1426,
      "bullish_accuracy": 40.57665260196906,
      "bearish_count": 1638,
      "bearish_accuracy": 40.845070422535215
    }
  },
  "momo": {
    "indicator": "Momo (Momentum)",
    "total_signals": 2095,
    "accuracy": {
      "5bars": 33.89021479713604,
      "10bars": 39.09307875894988,
      "20bars": 40.98517455762793,
      "50bars": 50.191754554170664
    },
    "by_stars": {
      "5": {
        "count": 1273,
        "accuracy_20bars": 39.71631205673759
      },
      "6": {
        "count": 693,
        "accuracy_20bars": 42.279942279942276
      },
      "7": {
        "count": 129,
        "accuracy_20bars": 46.51162790697674
      }
    },
    "by_direction": {
      "bullish_count": 1531,
      "bullish_accuracy": 42.60471204188482,
      "bearish_count": 564,
      "bearish_accuracy": 36.58969804618118
    }
  }
}